,City Name,Latitude,Longitude,Temperature (F),Humidity (%),Cloudiness (%),Wind Speed (MPH)
0,barrow,-38.31,-60.23,50.16,44,100,18.28
1,albany,42.65,-73.75,77.0,50,75,10.29
2,yellowknife,62.45,-114.38,53.6,76,75,24.16
3,cape town,-33.93,18.42,59.0,93,75,14.99
4,kavaratti,10.57,72.64,83.46,77,100,21.03
5,galesong,-5.32,119.37,77.0,100,20,2.24
6,lorengau,-2.02,147.27,82.75,77,1,6.91
7,nuuk,64.17,-51.74,41.0,80,75,11.41
8,bandarbeyla,9.49,50.81,82.2,54,73,27.85
9,kapaa,22.08,-159.32,84.2,70,1,9.17
10,busselton,-33.64,115.35,60.01,57,100,6.53
11,rincon,8.46,-82.28,78.8,94,40,2.24
12,geraldton,49.72,-86.95,75.2,38,20,6.93
13,richards bay,-28.77,32.06,71.25,48,0,20.27
14,vaini,15.34,74.49,71.6,94,75,5.82
15,hilo,19.71,-155.08,84.2,58,20,13.87
16,mataura,-46.19,168.86,55.0,74,100,1.99
17,hamilton,43.26,-79.87,77.0,73,20,8.05
18,mahebourg,-20.41,57.7,71.6,73,75,12.75
19,verkhnevilyuysk,63.45,120.31,68.17,44,60,9.31
20,ust-tsilma,65.44,52.15,57.28,66,97,3.47
21,isangel,-19.55,169.27,77.0,73,40,9.17
22,coihaique,-45.58,-72.07,37.4,86,75,3.36
23,nemuro,43.32,145.57,59.0,100,75,2.24
24,fort nelson,58.81,-122.69,71.6,30,40,12.75
25,talaya,55.79,84.89,60.8,77,0,4.47
26,hithadhoo,-0.6,73.08,83.37,71,93,6.96
27,airai,-8.93,125.41,84.79,50,64,2.8
28,bud,62.91,6.91,46.4,70,63,10.29
29,khatanga,71.98,102.47,56.85,36,33,4.99
30,maniitsoq,65.42,-52.9,41.25,86,99,5.57
31,whitehorse,60.72,-135.06,77.0,47,90,6.93
32,jalu,29.03,21.55,74.22,53,0,10.51
33,bambous virieux,-20.34,57.76,71.6,73,75,12.75
34,praxedis guerrero,31.37,-106.02,93.2,16,75,18.34
35,rikitea,-23.12,-134.97,69.17,68,97,16.69
36,hobart,-42.88,147.33,53.6,54,75,20.8
37,monte patria,-30.69,-70.96,49.33,24,0,3.4
38,mar del plata,-46.43,-67.52,35.58,62,44,14.12
39,noumea,-22.28,166.46,78.8,61,0,5.82
40,punta arenas,-53.16,-70.91,35.6,80,0,9.17
41,gaya,24.8,85.01,84.2,83,75,2.24
42,guerrero negro,27.97,-114.04,68.71,74,0,21.83
43,atuona,-9.8,-139.03,80.83,75,0,15.37
44,kloulklubed,7.04,134.26,75.2,94,90,7.67
45,bluff,-23.58,149.07,72.78,44,100,7.72
46,ushuaia,-54.81,-68.31,37.4,93,90,6.93
47,arraial do cabo,-22.97,-42.02,68.0,94,0,4.7
48,cidreira,-30.17,-50.22,48.46,81,0,4.99
49,mayumba,-3.44,10.65,71.09,88,10,6.38
50,roebourne,-20.77,117.15,79.71,17,0,13.69
51,saint-philippe,45.36,-73.48,78.01,60,90,8.05
52,ozernovskiy,51.5,156.52,44.27,95,95,4.5
53,nieuw amsterdam,5.88,-55.08,80.6,88,0,3.36
54,dunedin,-45.87,170.5,55.0,59,74,8.01
55,la reforma,25.08,-108.06,86.0,66,75,11.41
56,hasaki,35.73,140.83,79.0,100,75,3.36
57,tateyama,36.66,137.31,84.0,65,75,3.36
58,port macquarie,-31.43,152.91,69.01,67,72,4.7
59,hobyo,5.35,48.53,79.12,68,80,19.55
60,lebu,8.96,38.73,57.2,93,75,4.7
61,severo-kurilsk,50.68,156.12,44.95,92,100,6.44
62,husavik,50.56,-96.99,65.64,81,0,10.07
63,jamestown,-33.21,138.6,56.2,52,0,5.41
64,magpet,7.1,125.12,84.2,79,75,3.36
65,namibe,-15.19,12.15,67.65,79,0,11.63
66,sao joao da barra,-21.64,-41.05,68.8,80,0,3.8
67,pevek,69.7,170.27,33.67,95,91,2.55
68,celestun,20.87,-90.4,82.05,83,89,23.76
69,bredasdorp,-34.53,20.04,57.99,71,28,9.17
70,chokurdakh,70.62,147.9,54.93,55,100,9.62
71,moree,-29.46,149.84,68.0,32,0,3.36
72,puerto colombia,10.99,-74.96,82.4,78,0,8.05
73,tiksi,71.64,128.87,38.6,85,100,12.12
74,comodoro rivadavia,-45.87,-67.48,46.4,45,75,20.8
75,edgewood,39.42,-76.29,77.0,65,75,4.7
76,rawson,-43.3,-65.11,38.96,62,0,17.94
77,tommot,58.97,126.27,72.62,46,100,4.03
78,palana,59.08,159.95,47.73,93,100,6.49
79,quatre cocos,-20.21,57.76,71.6,73,75,12.75
80,te anau,-45.41,167.72,50.37,84,94,3.71
81,camocim,-2.9,-40.84,73.95,85,60,5.93
82,kudymkar,59.01,54.66,57.23,98,99,6.76
83,vila velha,-3.71,-38.6,80.6,69,75,13.87
84,willowmore,-33.3,23.49,37.05,84,0,5.19
85,walvis bay,-22.95,14.51,51.8,71,0,5.82
86,salur,18.52,83.21,72.4,87,100,11.16
87,daru,-9.07,143.21,80.29,64,75,9.26
88,capao bonito,-24.01,-48.35,60.51,99,52,2.66
89,vardo,39.62,-77.74,78.8,60,1,4.5
90,sitka,37.17,-99.65,81.0,59,0,11.01
91,georgetown,6.8,-58.16,80.6,94,40,2.24
92,caravelas,-17.73,-39.27,71.85,92,6,6.82
93,polyarnyy,69.2,33.45,48.2,81,75,4.47
94,dhidhdhoo,6.88,73.1,83.29,75,100,15.52
95,ribeira grande,38.52,-28.7,68.59,92,100,9.64
96,touros,-5.2,-35.46,71.6,100,0,3.36
97,ponta delgada,37.73,-25.67,64.4,88,20,7.7
98,san cristobal,14.68,-86.92,67.17,93,0,4.99
99,fairview,56.07,-118.38,60.8,44,75,13.87
100,bara,10.41,10.6,74.42,87,3,7.61
101,mayo,63.59,-135.9,60.8,93,90,6.62
102,chara,39.42,22.43,66.2,68,0,0.69
103,cabo san lucas,22.89,-109.91,87.8,48,5,11.41
104,nueve de julio,-31.67,-68.39,44.34,52,0,1.79
105,puerto ayora,-0.74,-90.35,75.2,69,20,17.22
106,torbay,47.66,-52.73,53.01,100,90,13.87
107,saint-pierre,48.95,4.24,59.0,87,0,4.7
108,mae hong son,19.3,97.96,77.0,83,75,2.3
109,port elizabeth,39.31,-74.98,78.8,73,1,3.36
110,hermanus,-34.42,19.24,57.99,71,79,10.0
111,pleshanovo,57.46,28.17,55.4,87,8,6.71
112,mercedes,-33.25,-58.03,44.01,76,0,5.01
113,kailua,21.39,-157.74,89.6,78,40,11.41
114,terrace,54.52,-128.61,77.0,47,20,14.99
115,port alfred,-33.59,26.89,53.01,72,0,4.0
116,tasiilaq,65.61,-37.64,32.12,85,93,4.52
117,qaanaaq,77.48,-69.36,48.34,49,0,8.34
118,hegra,63.46,11.11,46.4,81,75,17.22
119,east london,-33.02,27.91,51.31,55,0,10.29
120,iasmos,41.13,25.19,70.0,68,0,3.67
121,mantua,45.16,10.79,78.01,73,0,4.7
122,huanren,41.26,125.37,78.29,40,33,6.78
123,south sioux city,42.47,-96.41,84.2,62,75,9.17
124,kahului,20.89,-156.47,89.6,49,40,21.92
125,wilmington,39.75,-75.55,77.0,64,1,3.36
126,yaring,6.87,101.37,82.4,88,100,5.82
127,gardabani,41.46,45.09,59.0,77,0,10.29
128,clyde river,70.47,-68.59,51.8,50,1,8.05
129,moerai,-22.43,-151.33,68.82,65,0,20.87
130,virden,49.85,-100.93,67.04,80,1,10.38
131,miri,10.31,9.75,72.73,85,73,4.5
132,saint george,39.45,22.34,66.2,68,0,0.69
133,barkhera,28.45,79.81,100.95,30,0,9.17
134,doha,25.29,51.53,98.6,27,0,6.93
135,kodiak,39.95,-94.76,90.0,30,1,6.73
136,itaituba,-4.26,-55.99,75.01,72,33,0.87
137,hami,42.84,93.51,92.85,14,0,4.79
138,sovetskiy,56.76,48.47,55.81,81,0,1.21
139,cockburn town,21.46,-71.14,81.1,81,52,12.73
140,darnah,32.77,22.64,74.98,68,0,9.62
141,flinders,-34.58,150.85,66.0,21,0,6.93
142,najran,17.54,44.22,87.8,14,0,8.05
143,guatire,10.47,-66.54,77.0,83,75,1.12
144,dikson,73.51,80.55,42.81,94,100,13.8
145,ballina,54.11,-9.15,55.0,92,29,15.3
146,gat,14.69,-16.54,75.2,88,30,4.7
147,itarema,-2.92,-39.92,72.46,90,0,4.74
148,bafata,12.17,-14.67,76.11,90,100,5.03
149,poltavka,54.36,71.76,66.97,58,16,16.93
150,cradock,-32.16,25.62,37.16,76,0,6.82
151,manokwari,-0.87,134.08,80.47,69,78,4.5
152,luderitz,-26.65,15.16,53.6,76,0,4.7
153,kaitangata,-46.28,169.85,52.46,75,100,4.07
154,sawakin,19.1,37.33,83.44,36,73,2.93
155,dali,34.79,109.94,88.98,28,100,6.69
156,redmond,47.67,-122.12,79.0,39,20,4.7
157,orodara,10.98,-4.92,75.27,74,22,5.28
158,sorland,67.67,12.69,46.2,67,94,5.93
159,nikolskoye,59.7,30.79,61.0,77,20,6.71
160,abha,18.22,42.5,75.2,31,0,3.36
161,arman,59.7,150.17,53.9,83,100,5.77
162,faanui,-16.48,-151.75,77.73,79,88,25.17
163,waingapu,-9.65,120.26,81.35,62,100,13.13
164,provideniya,64.42,-173.23,50.0,76,90,6.71
165,bela,26.23,66.31,81.19,77,62,1.14
166,marzuq,14.4,46.47,78.06,47,0,5.64
167,atasu,48.68,71.64,77.25,27,60,15.5
168,nevsehir,38.62,34.71,52.0,76,0,6.93
169,kruisfontein,-34.0,24.73,46.25,76,1,8.25
170,punta de bombon,-17.17,-71.79,56.83,94,100,7.11
171,tigil,57.8,158.67,55.41,74,96,10.45
172,springbok,-29.67,17.88,46.47,86,0,4.34
173,vanimo,-2.67,141.3,82.36,75,0,10.96
174,leander,30.56,-97.84,87.01,66,1,5.82
175,halifax,44.65,-63.58,57.0,93,90,13.87
176,sao filipe,14.9,-24.5,73.11,87,0,21.34
177,lavrentiya,65.58,-170.99,46.03,78,100,13.69
178,cherskiy,68.75,161.3,52.12,65,92,6.38
179,seoul,37.57,126.98,78.8,65,75,5.82
180,upernavik,72.79,-56.15,41.52,80,4,6.15
181,conchas,-23.02,-48.01,63.37,79,0,4.88
182,lingig,8.04,126.41,85.81,68,100,2.21
183,laguna,16.17,-88.94,80.6,88,75,4.7
184,egvekinot,66.32,-179.17,42.97,90,100,15.77
185,aswan,24.09,32.9,87.8,27,0,4.7
186,leningradskiy,69.38,178.42,37.84,97,100,4.38
187,port-gentil,-0.72,8.78,74.53,87,37,15.77
188,mount gambier,-37.83,140.78,57.19,70,26,17.81
189,new norfolk,-42.78,147.06,53.6,54,75,20.8
190,thompson,55.74,-97.86,59.0,77,90,10.29
191,kozachi laheri,46.71,32.99,71.6,83,0,8.95
192,makakilo city,21.35,-158.09,89.6,62,1,10.29
193,yatou,3.63,9.81,79.51,85,8,12.57
194,cabedelo,-6.97,-34.84,73.4,94,40,2.24
195,tuktoyaktuk,69.44,-133.03,51.8,93,90,12.75
196,yulara,-25.24,130.99,64.4,25,0,5.82
197,tall kayf,37.08,41.07,78.8,19,0,17.22
198,zhigansk,66.77,123.37,53.22,48,86,19.35
199,naica,27.86,-105.49,85.67,20,31,9.84
200,mabaruma,8.2,-59.78,73.65,99,100,2.35
201,chubbuck,42.93,-112.47,84.2,20,40,3.36
202,navahrudak,53.59,25.82,57.55,90,100,6.08
203,pisco,-13.71,-76.2,62.6,88,0,14.99
204,saskylakh,71.97,114.09,48.93,55,77,14.41
205,ponta do sol,-20.63,-46.0,61.03,64,0,2.8
206,yenagoa,4.92,6.26,73.92,96,100,2.95
207,lazaro cardenas,28.39,-105.62,95.0,10,5,6.93
208,shihezi,44.3,86.03,88.42,19,0,2.04
209,trapani,38.02,12.54,78.01,88,0,4.7
210,matane,48.83,-67.52,55.4,93,75,2.24
211,poum,41.28,20.71,57.2,82,20,2.24
212,traverse city,44.76,-85.62,77.0,65,90,3.36
213,ancud,-41.87,-73.83,35.6,100,20,2.24
214,oksfjord,70.24,22.35,48.2,100,100,4.7
215,tura,64.27,100.22,73.75,56,67,10.65
216,boca do acre,-8.76,-67.39,74.15,69,80,1.19
217,san carlos de bariloche,-41.13,-71.31,41.0,65,20,6.93
218,ilulissat,69.22,-51.1,42.8,70,75,3.36
219,alice springs,-23.7,133.88,68.0,28,0,8.05
220,hirara,24.8,125.28,87.8,79,40,18.34
221,lotofaga,-13.98,-171.86,89.6,70,75,10.29
222,palmer,-34.85,139.16,57.0,62,75,10.29
223,sur,22.57,59.53,92.51,43,0,2.68
224,abonnema,4.71,6.79,75.75,93,100,5.01
225,megion,61.04,76.11,68.0,64,0,2.24
226,darab,28.75,54.55,82.18,13,0,3.09
227,olga,34.11,-118.17,87.8,44,1,4.7
228,sinnamary,5.38,-52.96,79.21,84,13,13.87
229,davila,18.47,120.58,87.8,70,75,14.99
230,casimcea,44.71,28.38,68.0,77,0,6.93
231,merritt,50.11,-120.79,84.2,28,1,6.93
232,lengshuijiang,27.66,111.45,83.67,50,0,5.82
233,lompoc,34.64,-120.46,78.01,68,1,19.46
234,zelenets,53.83,48.02,56.29,82,0,3.98
235,green river,41.53,-109.47,78.8,13,1,5.82
236,tecoanapa,16.99,-99.26,84.2,79,75,8.05
237,flin flon,54.77,-101.88,46.34,92,83,5.5
238,kirakira,-10.46,161.92,79.68,79,24,16.28
239,waipawa,-39.94,176.59,57.0,74,66,7.9
240,santa isabel do rio negro,-0.41,-65.02,73.03,98,68,1.19
241,shingu,33.72,135.99,71.6,94,75,2.24
242,ventspils,57.39,21.56,62.6,82,0,12.75
243,amalapuram,16.58,82.0,80.6,88,90,12.75
244,la grande,45.32,-118.09,71.6,77,75,18.34
245,riohacha,11.54,-72.91,80.18,76,87,12.5
246,carnarvon,-30.97,22.13,32.25,89,0,6.51
247,seabra,-12.42,-41.77,57.55,88,0,6.82
248,dwarka,28.58,77.04,97.0,49,40,4.7
249,safford,32.83,-109.71,102.2,7,75,21.92
250,hervey bay,-25.3,152.85,77.0,64,75,12.75
251,south lake tahoe,38.93,-119.98,80.6,30,1,9.17
252,dawei,14.07,98.19,83.46,78,100,14.54
253,kutum,14.2,24.66,76.53,60,82,1.12
254,lagoa,37.14,-8.45,68.0,68,0,5.82
255,marathon,48.72,-86.38,56.96,82,0,5.86
256,san lorenzo,13.43,-87.45,79.68,64,0,3.02
257,aklavik,68.22,-135.01,51.8,93,90,2.24
258,tutoia,-2.76,-42.27,73.39,95,56,3.65
259,paamiut,61.99,-49.67,38.62,91,67,13.18
260,puerto quijarro,-19.0,-57.72,65.42,80,54,5.48
261,tautira,-17.73,-149.15,80.6,65,75,2.24
262,sosua,19.77,-70.52,84.2,78,20,11.41
263,naryan-mar,67.67,53.09,52.93,68,0,9.06
264,srednekolymsk,67.46,153.71,71.04,31,86,8.43
265,talnakh,69.49,88.39,59.0,62,0,4.47
266,mumford,5.26,-0.76,72.8,97,43,2.46
267,balakirevo,56.51,38.84,57.36,84,1,8.99
268,cayenne,4.94,-52.33,77.0,88,46,3.91
269,kapit,2.02,112.94,82.92,74,93,3.76
270,corinto,3.17,-76.26,73.4,78,75,6.93
271,kumo,10.05,11.21,73.84,85,31,12.03
272,butaritari,3.07,172.79,84.75,70,82,8.81
273,bilibino,68.06,166.44,43.46,89,100,5.17
274,saldanha,41.42,-6.55,63.3,71,0,4.47
275,tezu,27.93,96.16,88.01,62,52,3.49
276,altamira,-3.2,-52.21,73.97,85,77,0.27
277,mazagao,-0.12,-51.29,80.6,100,0,4.7
278,farah,32.37,62.11,87.11,16,0,6.53
279,narsaq,60.91,-46.05,44.6,87,100,1.12
280,lujan,-46.57,-67.67,35.58,62,44,14.12
281,bukachacha,52.99,116.91,77.55,27,1,8.21
282,ocnele mari,45.09,24.3,64.36,80,0,2.13
283,madina,5.69,-0.17,78.8,88,75,8.05
284,nouadhibou,20.93,-17.03,71.6,73,0,20.8
285,gobardanga,22.87,88.76,82.4,88,75,8.05
286,tripoli,37.51,22.37,73.99,82,0,4.7
287,kintampo,8.05,-1.73,73.43,93,68,5.3
288,bethel,60.79,-161.76,57.2,87,90,10.29
289,port hedland,-20.31,118.58,75.2,19,0,13.87
290,aksay,51.17,53.01,59.48,79,25,13.38
291,buala,-8.15,159.59,81.94,78,90,3.67
292,buraydah,26.33,43.97,87.8,27,0,8.05
293,iranshahr,27.21,60.69,90.04,20,0,4.99
294,yinchuan,38.48,106.21,95.0,17,51,3.0
295,chernyy yar,64.44,40.96,53.6,81,20,8.95
296,arak,34.1,49.69,62.59,48,0,4.43
297,beloha,-25.17,45.06,66.72,43,0,7.18
298,lasa,34.92,32.53,73.4,64,0,5.82
299,ormara,25.21,64.64,84.9,68,94,4.25
300,ouadda,8.07,22.4,66.57,98,100,1.66
301,chilca,-13.22,-72.34,51.8,85,6,4.09
302,kudahuvadhoo,2.67,72.89,83.37,62,100,0.85
303,clarence town,-32.59,151.78,63.0,73,100,8.41
304,petatlan,17.52,-101.27,87.8,66,40,9.37
305,sola,-3.17,33.8,61.48,58,0,3.49
306,belozerskoye,55.82,65.58,64.75,64,50,19.89
307,dingle,11.0,122.67,80.58,79,100,5.19
308,rodrigues alves,-7.74,-72.65,73.18,82,41,0.96
309,monze,-16.28,27.48,53.02,55,0,5.28
310,coquimbo,-29.95,-71.34,53.01,87,0,4.7
311,felipe carrillo puerto,19.58,-88.05,79.26,79,21,4.43
312,erdenet,49.03,104.04,65.56,59,70,8.68
313,nusaybin,37.08,41.21,78.8,19,0,17.22
314,texarkana,33.44,-94.04,80.01,78,1,5.82
315,loikaw,19.67,97.21,67.13,91,100,3.47
316,castro,-42.48,-73.76,35.6,100,20,2.24
317,ginir,7.14,40.71,57.0,96,29,6.13
318,rwamagana,-1.95,30.43,60.8,72,20,5.82
319,tahoua,14.89,5.26,90.76,37,17,11.83
320,santa rosa,-36.62,-64.29,49.74,42,93,8.19
321,phan thiet,10.93,108.1,84.61,67,100,10.85
322,koundara,12.49,-13.3,75.88,94,100,4.74
323,salamiyah,35.01,37.05,69.61,35,0,5.44
324,nanortalik,60.14,-45.24,38.06,97,100,2.62
325,las vegas,36.17,-115.15,102.2,6,1,14.99
326,andros town,24.73,-77.79,84.2,74,75,6.93
327,hazorasp,41.32,61.08,68.0,77,90,4.7
328,khandbari,27.38,87.21,67.15,75,94,5.03
329,fortuna,40.6,-124.16,73.0,68,20,13.87
330,tarakan,3.3,117.63,82.4,78,40,3.36
331,tessalit,20.2,1.01,87.67,12,0,9.17
332,port hawkesbury,45.62,-61.36,55.99,93,90,4.7
333,naze,5.43,7.07,72.46,97,100,3.15
334,zheleznodorozhnyy,55.75,38.0,64.4,77,0,2.24
335,kavieng,-2.57,150.8,83.19,73,11,8.97
336,mirnyy,56.57,36.46,57.79,83,38,9.44
337,grindavik,63.84,-22.43,46.4,75,0,8.05
338,imbituba,-28.24,-48.67,59.0,87,75,8.05
339,guadalupe y calvo,26.09,-106.96,55.47,90,100,3.94
340,maasbree,51.36,6.05,59.0,81,0,4.7
341,codrington,-28.95,153.24,66.99,77,44,2.01
342,avarua,-21.21,-159.78,73.4,64,38,10.29
343,leh,34.16,77.58,34.69,61,34,2.89
344,quelimane,-17.88,36.89,66.81,98,0,3.33
345,klaksvik,62.23,-6.59,42.8,93,88,12.75
346,ilmajoki,62.73,22.58,57.2,93,75,3.36
347,monrovia,6.33,-10.8,77.0,94,75,6.58
348,haines junction,60.75,-137.51,76.0,32,95,1.68
349,phuket,7.89,98.4,86.0,74,20,1.12
350,kieta,-6.22,155.63,82.52,73,1,6.73
351,kumbo,6.21,10.69,62.23,86,55,2.51
352,lata,30.78,78.62,48.36,57,2,3.4
353,kpandu,7.0,0.29,74.94,90,60,8.19
354,hrebinka,50.12,32.43,66.5,94,100,7.27
355,teknaf,20.86,92.31,83.29,84,100,29.28
356,krasnoyarskiy,51.97,59.9,57.55,95,100,8.79
357,ajaccio,41.93,8.74,75.2,68,0,8.05
358,marawi,8.0,124.29,82.0,80,100,5.01
359,buchanan,5.88,-10.05,77.0,94,75,9.17
360,natitingou,10.31,1.38,77.71,82,100,9.06
361,neuquen,-38.95,-68.06,48.2,57,40,2.24
362,marquette,46.54,-87.4,73.4,78,5,4.7
363,likasi,-10.99,26.74,51.42,47,0,6.08
364,mandalgovi,45.76,106.27,70.05,37,67,6.29
365,san jose,14.25,-87.96,82.4,58,1,5.82
366,vestmannaeyjar,63.44,-20.27,49.87,69,32,16.73
367,san patricio,-26.98,-56.83,50.95,91,100,3.09
368,sol-iletsk,51.16,55.0,59.05,80,71,11.16
369,serebryansk,49.68,83.3,56.82,77,56,3.4
370,ahipara,-35.17,173.16,61.84,80,16,14.36
371,kamenka,48.03,28.7,64.0,89,74,3.87
372,oranjemund,-28.55,16.43,55.11,81,0,9.24
373,la plata,-34.92,-57.95,50.0,61,0,12.75
374,high prairie,55.43,-116.48,53.18,75,68,8.46
375,broken hill,-31.97,141.45,55.4,29,0,8.05
376,canavieiras,-15.68,-38.95,70.73,92,93,1.88
377,mangai,-4.07,19.59,68.25,46,35,1.86
378,samarai,-10.62,150.67,79.21,64,4,7.52
379,severo-yeniseyskiy,60.37,93.04,87.2,32,0,7.56
380,tiznit,29.7,-9.73,65.58,93,0,3.22
381,mnogovershinnyy,53.94,139.92,66.52,51,100,5.91
382,mvuma,-19.28,30.53,48.79,49,0,5.5
383,college,64.86,-147.8,66.99,45,90,13.87
384,vostok,46.45,135.83,58.8,94,100,3.6
385,longyearbyen,78.22,15.63,48.2,70,75,14.99
386,nampula,-15.12,39.26,62.72,97,0,1.54
387,yumen,40.29,97.04,87.85,16,95,17.11
388,birjand,32.86,59.22,77.0,23,0,11.41
389,barreirinha,-2.8,-57.07,76.26,73,29,1.59
390,souillac,45.6,-0.6,69.01,77,95,4.7
391,nantucket,41.28,-70.1,70.0,73,1,8.05
392,manaure,11.78,-72.45,79.03,84,94,20.42
393,half moon bay,37.46,-122.43,72.0,82,90,10.29
394,taos,36.41,-105.57,66.2,55,75,14.99
395,namatanai,-3.66,152.44,78.34,86,76,11.14
396,grand gaube,-20.01,57.66,71.6,73,75,12.75
397,axim,4.87,-2.24,76.9,89,100,9.78
398,matara,-3.48,29.48,49.31,50,0,1.7
399,kensington,46.44,-63.64,54.0,100,90,12.75
400,margate,-43.03,147.26,54.0,54,75,20.8
401,maceio,-9.67,-35.74,69.8,94,0,2.24
402,hella,10.47,-3.27,76.02,81,55,6.02
403,tabuk,17.41,121.44,73.32,89,98,1.95
404,malindi,-3.22,40.12,69.96,94,0,5.68
405,sistranda,63.73,8.83,48.0,81,75,14.99
406,maragogi,-9.01,-35.22,69.49,92,2,1.77
407,silver city,32.77,-108.28,82.0,28,1,11.41
408,adrar,27.87,-0.29,91.32,11,0,8.03
409,bilma,18.69,12.92,86.32,23,0,17.6
410,padang,-0.92,100.36,81.33,76,57,2.71
411,bathsheba,13.22,-59.52,82.4,74,75,18.34
412,brae,60.4,-1.35,46.4,81,32,10.29
413,nizhniy tsasuchey,50.52,115.13,78.49,43,13,7.31
414,lensk,60.71,114.91,77.98,57,53,5.5
415,yankton,42.87,-97.4,78.8,78,1,16.11
416,chupaca,-12.06,-75.29,38.01,83,10,0.72
417,muli,28.08,109.56,81.73,52,6,7.09
418,tongchuan,34.9,108.95,78.8,65,0,2.24
419,empangeni,-28.75,31.9,52.62,58,0,5.14
420,ravar,31.27,56.81,85.63,13,0,2.77
421,portland,43.66,-70.25,73.4,69,90,3.36
422,garliciu,44.77,28.08,68.0,77,0,6.93
423,beringovskiy,63.05,179.32,52.42,73,98,6.11
424,saint-louis,16.03,-16.5,72.44,81,99,9.17
425,mount isa,-20.73,139.49,73.4,23,0,14.99
426,nyandoma,61.67,40.21,53.4,88,100,4.38
427,russell,38.9,-98.86,87.8,40,1,17.22
428,kununurra,-15.77,128.74,82.4,24,0,12.75
429,puerto madryn,-42.77,-65.04,41.62,53,14,20.27
430,mala,-12.66,-76.63,61.26,90,100,16.89
431,wentzville,38.81,-90.85,86.0,66,20,3.36
432,launceston,-41.43,147.14,54.0,71,40,17.22
433,kiama,-34.67,150.86,66.0,21,0,6.93
434,karoi,-16.82,29.68,55.66,55,0,3.8
435,bertoua,4.58,13.68,67.94,97,100,3.51
436,kropotkin,45.43,40.58,63.64,76,0,10.0
437,esperance,-33.86,121.89,57.2,62,75,9.17
438,dalbandin,28.9,64.41,85.63,44,0,4.56
439,serowe,-22.4,26.7,41.26,47,0,5.64
440,taoudenni,22.68,-3.98,92.87,11,0,2.95
441,nara,34.68,135.8,79.0,88,75,2.24
442,northam,-31.65,116.67,55.4,82,20,5.82
443,atar,20.52,-13.05,91.0,30,40,7.94
444,kontagora,10.4,5.47,75.68,89,69,9.95
445,teya,21.05,-89.07,86.0,74,75,5.82
446,igrim,63.19,64.42,72.93,48,33,6.78
447,blackwater,51.33,-0.78,59.0,81,0,4.7
448,broome,52.47,1.45,57.2,82,0,5.82
449,shimoda,34.7,138.93,73.4,94,75,13.87
450,umm kaddadah,13.6,26.69,83.29,46,8,14.05
451,coahuayana,18.62,-100.35,76.58,71,31,3.36
452,santa cruz,-6.22,-36.02,67.74,89,0,9.04
453,san andres del rabanedo,42.61,-5.62,60.01,93,0,4.7
454,chifeng,42.27,118.96,75.48,31,31,4.68
455,valparaiso,41.47,-87.06,86.0,41,1,4.83
456,mao,19.55,-71.08,84.2,66,20,11.41
457,fukue,35.03,136.69,79.0,88,75,3.36
458,kodinsk,58.6,99.18,91.0,28,0,6.04
459,saint-augustin,45.63,-73.98,75.99,68,90,2.24
460,rabo de peixe,37.8,-25.58,64.4,88,20,7.7
461,grimshaw,56.19,-117.61,60.8,44,75,13.87
462,zhezkazgan,47.8,67.71,78.8,11,90,24.61
463,morales,15.47,-88.84,80.6,88,75,4.7
464,erzin,36.95,36.2,73.99,73,0,1.59
465,tombouctou,16.77,-3.01,90.03,35,45,13.33
466,hualmay,-11.1,-77.61,62.95,88,98,17.36
467,salmas,38.2,44.77,55.4,66,0,6.93
468,choctaw,35.5,-97.27,84.2,62,1,5.82
469,gamba,28.28,88.52,49.8,43,75,4.88
470,taltal,-25.41,-70.49,50.25,83,100,1.81
471,xining,36.62,101.77,61.75,51,100,4.85
472,ayan,38.23,44.7,44.83,58,0,5.41
473,lodwar,3.12,35.6,78.63,55,0,20.33
474,sokoto,13.06,5.24,84.91,60,66,14.94
475,sisimiut,66.94,-53.67,37.72,92,100,5.68
476,changtu,42.78,124.11,80.81,52,0,13.0
477,tirumullaivasal,11.24,79.84,88.33,52,98,11.72
478,dillon,45.22,-112.64,77.0,29,1,4.7
479,rafaela,-31.25,-61.49,45.0,58,0,1.01
480,westport,41.14,-73.36,77.0,69,1,3.36
481,katsuura,33.93,134.5,75.99,83,75,5.82
482,rio gallegos,-51.62,-69.22,32.0,97,90,9.17
483,tilichiki,60.47,166.1,57.03,70,100,6.82
484,norrtalje,59.76,18.7,59.0,87,40,9.17
485,de aar,-30.65,24.01,34.93,93,0,6.91
486,victoria,5.28,115.24,84.2,79,75,2.24
487,muzaffarabad,34.37,73.47,83.49,26,0,3.29
488,reporoa,-38.44,176.35,61.0,73,100,3.0
489,henties bay,-22.12,14.28,50.0,87,0,3.0
490,kasongo-lunda,-6.48,16.82,63.49,43,0,2.08
491,podolinec,49.26,20.54,68.0,63,0,6.93
492,komlo,46.19,18.26,66.73,86,0,3.74
493,bintulu,3.17,113.03,80.6,83,75,4.7
494,bambanglipuro,-7.95,110.28,76.09,79,30,3.15
495,kassala,15.45,36.38,79.01,62,100,11.03
496,dong hoi,17.48,106.6,75.23,98,100,3.44
497,muros,42.77,-9.06,66.0,87,90,12.75
498,miles city,46.41,-105.84,82.4,39,1,8.05
499,nakusp,50.24,-117.8,72.0,50,100,1.01
500,west bay,49.34,-123.21,77.0,47,75,5.82
501,provost,52.35,-110.26,49.13,74,92,13.38
502,sandwick,54.57,-2.89,55.99,93,48,10.29
503,waconia,44.85,-93.79,73.0,94,100,3.0
504,abu dhabi,24.47,54.37,89.6,79,0,3.36
505,trincomalee,8.58,81.23,86.93,57,100,11.9
506,kalemie,-5.95,29.2,62.7,63,0,4.27
507,xichang,27.88,102.25,82.0,44,90,0.89
508,vao,59.1,26.19,56.28,76,67,9.53
509,rio grande,-32.03,-52.1,41.41,86,0,4.99
510,verkhniye tatyshly,56.29,55.86,57.55,97,100,10.85
511,ritchie,-29.03,24.6,33.8,77,0,8.05
512,lenger,42.18,69.89,78.8,47,0,6.71
513,stefan cel mare,46.98,26.52,68.0,94,99,2.95
514,racine,42.73,-87.78,82.4,69,1,1.77
515,necochea,-38.55,-58.74,48.99,64,99,14.0
516,bloemfontein,-29.12,26.22,41.0,88,0,4.7
517,bereda,43.27,-7.54,63.0,82,90,8.05
518,hovd,63.83,10.7,48.99,81,75,17.22
519,ambulu,-8.35,113.61,74.19,86,69,4.76
520,millinocket,45.66,-68.71,66.2,72,1,3.4
521,tazovskiy,67.47,78.7,61.17,54,4,9.51
522,moncton,46.1,-64.8,55.99,100,90,10.29
523,beidao,34.57,105.89,74.69,47,100,13.04
524,sundsvall,62.39,17.31,48.99,81,12,4.7
525,marsh harbour,26.54,-77.06,83.69,71,17,6.64
526,lowicz,52.11,19.95,66.0,93,0,2.24
527,nizhniy kuranakh,58.84,125.49,76.99,41,100,3.44
528,kamien pomorski,53.97,14.77,57.99,67,0,6.93
529,koshurnikovo,54.3,93.39,50.91,97,100,3.29
530,minab,27.15,57.07,87.8,74,0,3.58
531,ostrovnoy,68.05,39.51,50.48,71,88,12.33
532,sterling,39.0,-77.4,78.01,60,75,3.36
533,pochutla,15.74,-96.47,82.99,78,90,5.28
534,portree,57.41,-6.19,50.0,92,49,10.78
535,nishihara,35.74,139.53,81.0,78,75,1.12
536,port moresby,-9.47,147.16,77.37,75,98,20.04
537,miandrivazo,-19.53,45.46,67.63,90,0,2.98
538,matagami,9.67,8.4,68.84,98,76,4.65
539,centralina,-18.58,-49.2,67.11,48,41,2.46
540,baoding,38.86,115.49,90.03,23,0,5.79
541,hellin,38.51,-1.7,68.0,82,0,5.82
542,viru,57.74,26.74,59.0,87,100,11.41
543,zyryanskoye,56.83,86.62,70.64,66,30,7.96
544,santa maria,-16.02,-48.01,66.2,59,0,2.24
545,chimoio,-19.11,33.48,60.09,56,0,3.49
546,hare bay,48.86,-53.99,48.2,100,90,13.87
547,tikaitnagar,26.95,81.58,99.13,39,14,14.03
548,vakhrushev,48.99,142.86,43.95,97,100,5.7
549,vagur,61.47,-6.81,44.13,82,100,1.97
550,povenets,62.85,34.83,54.31,97,100,2.55
551,mathathane,-22.27,28.75,45.39,40,0,12.39
552,atagay,55.1,99.39,81.48,33,0,12.12
553,san matias,-16.36,-58.4,72.62,63,0,2.62
554,faya,18.39,42.45,75.2,31,0,3.36
555,harper,30.3,-99.24,82.4,61,1,9.17
556,navoi,46.17,11.83,77.0,100,0,4.07
557,kolpashevo,58.31,82.9,72.66,61,0,8.03
558,mjolby,58.33,15.12,59.0,82,65,10.29
559,hopatcong,40.93,-74.66,82.4,83,5,2.3
560,constitucion,23.99,-104.67,71.6,33,75,19.46
561,lahaina,20.87,-156.68,89.6,48,20,16.11
